Bob Ross - Reflections of Calm (Season 31 Episode 1),kJFB6rH3z2A
Bob Ross - Before the Snowfall (Season 31 Episode 2),_MdMhQIOL1Y
Bob Ross - Winding Stream (Season 31 Episode 3),QDwd4pMYyuo
Bob Ross - Tranquility Cove (Season 31 Episode 4),7t6ue0pEcNE
Bob Ross - Cabin in the Hollow (Season 31 Episode 5),KYlM2zJnNWY
Bob Ross - View from Clear Creek (Season 31 Episode 6),TLX1bmS8wBE
Bob Ross - Bridge to Autumn (Season 31 Episode 7),ReENCTH7MYI
Bob Ross - Trail's End (Season 31 Episode 8),XWQrP-WiLgc
Bob Ross - Evergreen Valley (Season 31 Episode 9),mEU0stNfkxI
Bob Ross - Balmy Beach (Season 31 Episode 10),kMgd6r6c4vE
Bob Ross - Lake at the Ridge (Season 31 Episode 11),8QWvzEQ69Kw
Bob Ross - In the Midst of Winter (Season 31 Episode 12),qx2IsmrCs3c
Bob Ross - Wilderness Day (Season 31 Episode 13),nJGCVFn57U8
Bob Ross - Babbling Brook (Season 30 Episode 1),ZHUdS0wEaKk
Bob Ross - Woodgrain View (Season 30 Episode 2),fcx1yUuSf3o
Bob Ross - Winter's Peace (Season 30 Episode 3),Xzv3iiWi1Wo
Bob Ross - Wilderness Trail (Season 30 Episode 4),vGsW_6BCukU
Bob Ross - A Copper Winter (Season 30 Episode 5),BSjee-ond7w
Bob Ross - Misty Foothills (Season 30 Episode 6),LEz4UVL7POE
Bob Ross - Through the Window (Season 30 Episode 7),SrN4A9rVXj0
Bob Ross - Home in the Valley (Season 30 Episode 8),enutOy-nsZk
Bob Ross - Mountains of Grace (Season 30 Episode 9),nXlu_Q0sR7c
Bob Ross - Seaside Harmony (Season 30 Episode 10),CY6sGFs209E
Bob Ross - A Cold Spring Day (Season 30 Episode 11),jq8bIbpW7DQ
Bob Ross - Evening's Glow (Season 30 Episode 12),eTEKGOi6SVg
Bob Ross - Blue Ridge Falls (Season 30 Episode 13),fz0YjqtHW84
Bob Ross - Island in the Wilderness (Season 29 Episode 1),lLWEXRAnQd0
Bob Ross - Autumn Oval (Season 29 Episode 2),2XnIdinwot0
Bob Ross - Seasonal Progression (Season 29 Episode 3),T2G5waMfQ-g
Bob Ross - Light at the Summit (Season 29 Episode 4),HOdS-G8p1KE
Bob Ross - Countryside Barn (Season 29 Episode 5),G7Etn7QMeO4
Bob Ross - Mountain Lake Falls (Season 29 Episode 6),dNEp3hoHSDI
Bob Ross - Cypress Creek (Season 29 Episode 7),Tnb2cXKKuWM
Bob Ross - Trapper's Cabin (Season 29 Episode 8),chhCkmp0RG8
Bob Ross - Storm on the Horizon (Season 29 Episode 9),pA_2paUhBAQ
Bob Ross - Pot O' Posies (Season 29 Episode 10),2zv_S_uVoVQ
Bob Ross - A Perfect Winter Day (Season 29 Episode 11),Io4fwhacpEs
Bob Ross - Aurora's Dance (Season 29 Episode 12),iRMsb9Vf7GM
Bob Ross - Woodman's Retreat (Season 29 Episode 13),ODrV0dfQcNs
Bob Ross - Fisherman's Trail (Season 28 Episode 1),VnZEpic2UzU
Bob Ross - A Warm Winter (Season 28 Episode 2),_TTdw3YnXuo
Bob Ross - Under Pastel Skies (Season 28 Episode 3),lzODyJS2ZIg
Bob Ross - Golden Rays of Sunshine (Season 28 Episode 4),zxj3xLDNxo0
Bob Ross - The Magic of Fall (Season 28 Episode 5),bSm3fmEyJ20
Bob Ross - Glacier Lake (Season 28 Episode 6),TohG7F8M3Ls
Bob Ross - The Old Weathered Barn (Season 28 Episode 7),NYUIIBFj0iQ
Bob Ross - Deep Forest Falls (Season 28 Episode 8),urHQRbRNuYI
Bob Ross - Winter's Grace (Season 28 Episode 9),mxJ2On9wyvY
Bob Ross - Splendor of Autumn (Season 28 Episode 10),hEyR2FDp-00
Bob Ross - Tranquil Seas (Season 28 Episode 11),kN1DP_yqs-A
Bob Ross - Mountain Serenity (Season 28 Episode 12),wc_YVijYjT4
Bob Ross - Home Before Nightfall (Season 28 Episode 13),22SiIDvyJeM
Bob Ross - Twilight Beauty (Season 27 Episode 1),0mJqzzeWyXs
Bob Ross - Angler's Haven (Season 27 Episode 2),XlwfcXZ0AIU
Bob Ross - Rustic Winter Woods (Season 27 Episode 3),3q8Zi9480lw
Bob Ross - Wilderness Falls (Season 27 Episode 4),gxd0MPX8c6I
Bob Ross - Winter at the Farm (Season 27 Episode 5),LeIVNKnWz7o
Bob Ross - Daisies at Dawn (Season 27 Episode 6),_kkZcIgocBM
Bob Ross - A Spectacular View (Season 27 Episode 7),7R9HcaDT9P4
Bob Ross - Daybreak (Season 27 Episode 8),crWDcTvDmec
Bob Ross - Island Paradise (Season 27 Episode 9),Cg3XAVhAas0
Bob Ross - Sunlight in the Shadows (Season 27 Episode 10),xgjQ0v2d9mE
Bob Ross - Splendor of a Snowy Winter (Season 27 Episode 11),JdXCoxkOdwQ
Bob Ross - Forest River (Season 27 Episode 12),wrbGlR22K0Q
Bob Ross - Golden Glow of Morning (Season 27 Episode 13),qXElmiqzcI0
Bob Ross - In the Stillness of Morning (Season 26 Episode 1),5rfGa1_iJpw
Bob Ross - Delightful Meadow Home (Season 26 Episode 2),tWoInh2USOs
Bob Ross - First Snow (Season 26 Episode 3),raAkJKeo0Sk
Bob Ross - Lake in the Valley (Season 26 Episode 4),KvJmSrErm20
Bob Ross - A Trace of Spring (Season 26 Episode 5),JMPwj3u4ZTA
Bob Ross - An Arctic Winter Day (Season 26 Episode 6),9BHWlbjd95c
Bob Ross - Snow Birch (Season 26 Episode 7),wKeemvioVrM
Bob Ross - Early Autumn (Season 26 Episode 8),SLQXlFLoqQc
Bob Ross - Tranquil Wooded Stream (Season 26 Episode 9),lSeRrm5ZK9c
Bob Ross - Purple Mountain Range (Season 26 Episode 10),nkDA_R-XmqA
Bob Ross - Storm's A Comin (Season 26 Episode 11),EHD9u-lo2wc
Bob Ross - Sunset Aglow (Season 26 Episode 12),gMEZp47VKC0
Bob Ross - Evening at the Falls (Season 26 Episode 13),RulXVcpgpqw
Bob Ross - Hide A Way Cove (Season 25 Episode 1),l_HqMYquc08
Bob Ross - Enchanted Falls Oval (Season 25 Episode 2),HklPkQ0lSKA
Bob Ross - Not Quite Spring (Season 25 Episode 3),N_u6x7LeyTM
Bob Ross - Splashes of Autumn (Season 25 Episode 4),YcbaMqq_X8s
Bob Ross - Summer in the Mountain (Season 25 Episode 5),gmCXgS38NDc
Bob Ross - Oriental Falls (Season 25 Episode 6),v8Znj8bbmCQ
Bob Ross - Autumn Palette (Season 25 Episode 7),HWrvW-NgaOY
Bob Ross - Cypress Swamp (Season 25 Episode 8),FdIUHudQABI
Bob Ross - Downstream View (Season 25 Episode 9),KsDPg5HZYNw
Bob Ross - Just Before the Storm (Season 25 Episode 10),Rh-jKrMrmOA
Bob Ross - Fisherman's Paradise (Season 25 Episode 11),uJLK85uU5mA
Bob Ross - Desert Hues (Season 25 Episode 12),UUNNXGVNTuI
Bob Ross - The Property Line (Season 25 Episode 13),ivesI3rU7dU
Bob Ross - Gray Mountain (Season 24 Episode 1),4XxClvPZ1RE
Bob Ross - Wayside Pond (Season 24 Episode 2),FPW2FwK4IOo
Bob Ross - Teton Winter (Season 24 Episode 3),I4h6TC4CPJY
Bob Ross - Little Home in the Meadow (Season 24 Episode 4),nU1zV93N-kI
Bob Ross - A Pretty Autumn Day (Season 24 Episode 5),HWedDS3p7XI
Bob Ross - Mirrored Images (Season 24 Episode 6),i29frkR1T98
Bob Ross - Back-Country Path (Season 24 Episode 7),2iNMoQB1Pe8
Bob Ross - Graceful Waterfall (Season 24 Episode 8),fBh1nA4pMDY
Bob Ross - Icy Lake (Season 24 Episode 9),AmBDmgta3l4
Bob Ross - Rowboat on the Beach (Season 24 Episode 10),hfvhXOvg43w
Bob Ross - Portrait of Winter (Season 24 Episode 11),JLnIUGOupOA
Bob Ross - The Footbridge (Season 24 Episode 12),RqtDliGeyTg
Bob Ross - Snowbound Cabin (Season 24 Episode 13),obSLZWXmDak
Bob Ross - Frosty Winter Morn (Season 23 Episode 1),1-9_enMBquw
Bob Ross - Forest Edge (Season 23 Episode 2),puGk2iFvvp0
Bob Ross - Mountain Ridge Lake (Season 23 Episode 3),Hq-z06i6HCs
Bob Ross - Reflections of Gold (Season 23 Episode 4),8f9CCnqJ_1Y
Bob Ross - Quiet Cove (Season 23 Episode 5),cR9hTbSomx4
Bob Ross - Rivers Peace (Season 23 Episode 6),flCWS9LB4Ks
Bob Ross - At Dawn's Light (Season 23 Episode 7),HFdTxqEznIk
Bob Ross - Valley Waterfall (Season 23 Episode 8),VYcsYzzRae4
Bob Ross - Toward Days End (Season 23 Episode 9),cFi_fJl40BA
Bob Ross - Falls in the Glen (Season 23 Episode 10),txAtX-VyVNc
Bob Ross - Frozen Beauty in Vignette (Season 23 Episode 11),H15kV1wbDG4
Bob Ross - Crimson Tide (Season 23 Episode 12),Y7SDU4i6Fco
Bob Ross - Winter Bliss (Season 23 Episode 13),yInYwy6AsDQ
Bob Ross - Autumn Images (Season 22 Episode 1),HMx34Am6RFg
Bob Ross - Hint of Springtime (Season 22 Episode 2),C-OSaHvt8ms
Bob Ross - Around the Bend (Season 22 Episode 3),Kl5X3icOVvw
Bob Ross - Countryside Oval (Season 22 Episode 4),hdNH5axK4u0
Bob Ross - Russet Winter (Season 22 Episode 5),aE4nID1p-t0
Bob Ross - Purple Haze (Season 22 Episode 6),ZoJ2tcXWb7g
Bob Ross - Dimensions (Season 22 Episode 7),JUuP75RVZDI
Bob Ross - Deep Wilderness Home (Season 22 Episode 8),uZWNvDFfbUk
Bob Ross - Haven in the Valley (Season 22 Episode 9),Qccgam514ds
Bob Ross - Wintertime Blues (Season 22 Episode 10),dbMJVM4iL2Q
Bob Ross - Pastel Seascape (Season 22 Episode 11),K4aud_SpFDQ
Bob Ross - Country Creek (Season 22 Episode 12),JDa6JPcqy88
Bob Ross - Silent Forest (Season 22 Episode 13),AE1GKcL3NuI
Bob Ross - Valley View (Season 21 Episode 1),pw5ETGiiBRg
Bob Ross - Tranquil Dawn (Season 21 Episode 2),4abDq6Q-mlM
Bob Ross - Royal Majesty (Season 21 Episode 3),ubUXBqE6t0U
Bob Ross - Serenity (Season 21 Episode 4),crqmO3qDdco
Bob Ross - Cabin at Trails End (Season 21 Episode 5),GLkLO4KqTRs
Bob Ross - Mountain Rhapsody (Season 21 Episode 6),H4VsmKU5T7g
Bob Ross - Wilderness Cabin (Season 21 Episode 7),GWehiacnd1E
Bob Ross - By the Sea (Season 21 Episode 8),8tHHBTK6wwc
Bob Ross - Indian Summer (Season 21 Episode 9),pfWV8NkotvU
Bob Ross - Blue Winter (Season 21 Episode 10),liR0gS0sZY0
Bob Ross - Desert Glow (Season 21 Episode 11),QyncJfL_HmU
Bob Ross - Lone Mountain (Season 21 Episode 12),NJbzIftLLmU
Bob Ross - Florida's Glory (Season 21 Episode 13),HQC5sPN9Xhc
Bob Ross - Mystic Mountain (Season 20 Episode 1),VlucWfTUo1A
Bob Ross - New Day's Dawn (Season 20 Episode 2),vbPdQ0w8ylg
Bob Ross - Winter in Pastel (Season 20 Episode 3),kbnXZRNMouM
Bob Ross - Hazy Day (Season 20 Episode 4),5U3G61r35Mc
Bob Ross - Divine Elegance (Season 20 Episode 5),mb-Gwx1S5Gs
Bob Ross - Cliffside (Season 20 Episode 6),p6Uy2qOLvGk
Bob Ross - Autumn Fantasy (Season 20 Episode 7),FozIp7Va7dY
Bob Ross - The Old Oak Tree (Season 20 Episode 8),dN4HjAn8p5U
Bob Ross - Winter Paradise (Season 20 Episode 9),DY1aBv8Z1SQ
Bob Ross - Days Gone By (Season 20 Episode 10),DmYhNHVIdMI
Bob Ross - Change of Seasons (Season 20 Episode 11),QbgPu5f2Vf8
Bob Ross - Hidden Delight (Season 20 Episode 12),ZyPNzDaaDt8
Bob Ross - Double Take (Season 20 Episode 13),ppzFgG2K2k4
Bob Ross - Mystic Mountain (High Quality) - Season 20 Episode 1,3AHdKAu055M
Bob Ross - Snowfall Magic (Season 19 Episode 1),1enWTsRi16o
Bob Ross - Quiet Mountain Lake (Season 19 Episode 2),2gq2V6dCt2I
Bob Ross - Final Embers of Sunlight (Season 19 Episode 3),IeFbdk36MUU
Bob Ross - Snowy Morn (Season 19 Episode 4),iB1TDWlo0kk
Bob Ross - Camper's Haven (Season 19 Episode 5),C34WAUgkAT0
Bob Ross - Waterfall in the Woods (Season 19 Episode 6),uBRKVa7sy1Q
Bob Ross - Covered Bridge Oval (Season 19 Episode 7),F4iPbH1OHsQ
Bob Ross - Scenic Seclusion (Season 19 Episode 8),d50HkqB9JEM
Bob Ross - Ebb Tide (Season 19 Episode 9),mFOna_LN7Ys
Bob Ross - After the Rain (Season 19 Episode 10),Wj-3ct7RvAI
Bob Ross - Winter Elegance (Season 19 Episode 11),JjBZzKp_u5E
Bob Ross - Evening's Peace (Season 19 Episode 12),uEUMVwc4o5U
Bob Ross - Valley of Tranquility (Season 19 Episode 13),FnY7jDY5PsE
Bob Ross - Half-Oval Vignette (Season 18 Episode 1),uY3fIry2tOE
Bob Ross - Absolutely Autumn (Season 18 Episode 2),PGPVpil2UmE
Bob Ross - Mountain Seclusion (Season 18 Episode 3),EBZKuVbRY54
Bob Ross - Crimson Oval (Season 18 Episode 4),R7Y3izMFPbM
Bob Ross - Autumn Exhibition (Season 18 Episode 5),6afHY2d9Lv8
Bob Ross - Majestic Peaks (Season 18 Episode 6),lilbzLCNnDo
Bob Ross - Golden Morning Mist (Season 18 Episode 7),rCHXqj4DHlM
Bob Ross - Winter Lace (Season 18 Episode 8),WJF_qoQRPck
Bob Ross - Seascape Fantasy (Season 18 Episode 9),sBBBilrDuSw
Bob Ross - Double Oval Stream (Season 18 Episode 10),rRjnHdr9DmU
Bob Ross - Enchanted Forest (Season 18 Episode 11),ikR7UT9mVBw
Bob Ross - Southwest Serenity (Season 18 Episode 12),EVfPPJ5FUmA
Bob Ross - Rippling Waters (Season 18 Episode 13),XvnJBynSiT0
Bob Ross - Golden Mist Oval (Season 17 Episode 1),lhpfaW0k6uM
Bob Ross - The Old Home Place (Season 17 Episode 2),EVQcDEiJh2o
Bob Ross - Soothing Vista (Season 17 Episode 3),NqfRLiv0SZ0
Bob Ross - Stormy Seas (Season 17 Episode 4),LE6agCR5iBw
Bob Ross - Country Time (Season 17 Episode 5),e_bt9rQoGN0
Bob Ross - A Mild Winter's Day (Season 17 Episode 6),BbYO579MmhA
Bob Ross - Spectacular Waterfall (Season 17 Episode 7),nK-HebXL2uw
Bob Ross - View from the Park (Season 17 Episode 8),Q4n90jsOUtY
Bob Ross - Lake View (Season 17 Episode 9),07acfzBaoa0
Bob Ross - Old Country Mill (Season 17 Episode 10),n8HlFCQACYA
Bob Ross - Morning Walk (Season 17 Episode 11),pSvgNkQdR2Y
Bob Ross - Nature's Splendor (Season 17 Episode 12),uCAtI2IwEwk
Bob Ross - Mountain Beauty (Season 17 Episode 13),8P-YeoTmVrw
Bob Ross - Two Seasons (Season 16 Episode 1),jwVz0uTLH1I
Bob Ross - Nestled Cabin (Season 16 Episode 2),l_jN9KN257M
Bob Ross - Wintertime Discovery (Season 16 Episode 3),uZyZW3tkCE0
Bob Ross - Mountain Mirage Wood Shape (Season 16 Episode 4),jfCsew_mz7A
Bob Ross - Double Oval Fantasy (Season 16 Episode 5),4jAsLpJzjHM
Bob Ross - Contemplative Lady (Season 16 Episode 6),gnp6WE7Ql-s
Bob Ross - Deep Woods (Season 16 Episode 7),rE5ZVs_YJfE
Bob Ross - High Tide (Season 16 Episode 8),_IREQ4SIcX8
Bob Ross - Barn in Snow Oval (Season 16 Episode 9),wJmi7-G9r-w
Bob Ross - That Time of Year (Season 16 Episode 10),q5moLoqOkP0
Bob Ross - Waterfall Wonder (Season 16 Episode 11),AGhXEPfp-W4
Bob Ross - Mighty Mountain Lake (Season 16 Episode 12),4vXB2R8ybDE
Bob Ross - Wooded Stream Oval (Season 16 Episode 13),-XA2h17y3HU
Bob Ross - Splendor of Winter (Season 15 Episode 1),oJvk7gPDHiE
Bob Ross - Colors of Nature (Season 15 Episode 2),Me9Ietooq4w
Bob Ross - Grandpa's Barn (Season 15 Episode 3),IPPU49PyfEA
Bob Ross - Peaceful Reflections (Season 15 Episode 4),gYuH4Ilqdhs
Bob Ross - Hidden Winter Moon Oval (Season 15 Episode 5),yxAMOdl6RJE
Bob Ross - Waves of Wonder (Season 15 Episode 6),tayQX_ng-Nc
Bob Ross - Cabin by the Pond (Season 15 Episode 7),TyOO6WeP2AY
Bob Ross - Fall Stream (Season 15 Episode 8),ZY0ofhdV_L0
Bob Ross - Christmas Eve Snow (Season 15 Episode 9),cVqFG2pxK2A
Bob Ross - Forest Down Oval (Season 15 Episode 10),COsJUfPN2dA
Bob Ross - Pathway to Autumn (Season 15 Episode 11),Hg5RKc6xiL4
Bob Ross - Deep Forest Lake (Season 15 Episode 12),2bjFmSQjQrw
Bob Ross - Peaks of Majesty (Season 15 Episode 13),lTb8DN6G6dE
Bob Ross - Distant Mountains (Season 14 Episode 1),GpA9UM7QGag
Bob Ross - Meadow Brook Surprise (Season 14 Episode 2),Ov5oIHTAa10
Bob Ross - Mountain Moonlight Oval (Season 14 Episode 3),CigXQtT6BPM
Bob Ross - Snowy Solitude (Season 14 Episode 4),1ZriQGhSFTM
Bob Ross - Mountain River (Season 14 Episode 5),CnMLKAGi0yM
Bob Ross - Graceful Mountains (Season 14 Episode 6),0uVe8T-vVVg
Bob Ross - Windy Waves (Season 14 Episode 7),y6GVVjG4HMg
Bob Ross - On a Clear Day (Season 14 Episode 8),e63Cgln6Yag
Bob Ross - Riverside Escape Oval (Season 14 Episode 9),d83REwSGfGo
Bob Ross - Surprising Falls (Season 14 Episode 10),QbclL1ca7_s
Bob Ross - Shadow Pond (Season 14 Episode 11),BQWJ3kqonpA
Bob Ross - Misty Forest Oval (Season 14 Episode 12),ddU9vQvSpw8
Bob Ross - Natural Wonder (Season 14 Episode 13),knOutsaiKfU
Bob Ross - Rolling Hills (Season 13 Episode 1),H4GyGrT7lEQ
Bob Ross - Frozen Solitude (Season 13 Episode 2),kNZssD9zWlw
Bob Ross - Meadow Brook (Season 13 Episode 3),06W8GsWj2Yg
Bob Ross - Evening at Sunset (Season 13 Episode 4),7ZUQTXuDPaI
Bob Ross - Mountain View (Season 13 Episode 5),dJfnAyDLwPY
Bob Ross - Hidden Creek (Season 13 Episode 6),KmoRz01bm0Y
Bob Ross - Peaceful Haven (Season 13 Episode 7),j20pZ96E_CE
Bob Ross - Mountain Exhibition (Season 13 Episode 8),bgI3_1quJ18
Bob Ross - Emerald Waters (Season 13 Episode 9),lLunPQBzW6g
Bob Ross - Mountain Summit (Season 13 Episode 10),kasGRkfkiPM
Bob Ross - Cabin Hideaway (Season 13 Episode 11),NjTlW2NL1Lo
Bob Ross - Oval Essence (Season 13 Episode 12),q7WXF_BSEXw
Bob Ross - Lost Lake (Season 13 Episode 13),9-ATP8xyDM0
Bob Ross - Golden Knoll (Season 12 Episode 1),-O0Bs65eN5w
Bob Ross - Mountain Reflections (Season 12 Episode 2),rzYpa4XGSnA
Bob Ross - Secluded Mountain (Season 12 Episode 3),3PZabdohLso
Bob Ross - Bright Autumn Trees (Season 12 Episode 4),aR-C3h5zURM
Bob Ross - Black Seascape (Season 12 Episode 5),P_aCan4cBwc
Bob Ross - Steep Mountains (Season 12 Episode 6),fRK8_ioYWw4
Bob Ross - Quiet Mountains River (Season 12 Episode 7),Leiw-FtADZc
Bob Ross - Evening Waterfall (Season 12 Episode 8),PutvF_P4588
Bob Ross - Tropical Seascape (Season 12 Episode 9),RrBsbqO9aqI
Bob Ross - Mountain at Sunset (Season 12 Episode 10),HCsCatvigtw
Bob Ross - Soft Mountain Glow (Season 12 Episode 11),gOGJYHWjXgE
Bob Ross - Mountain in an Oval (Season 12 Episode 12),1jRPshs27H8
Bob Ross - Winter Mountain (Season 12 Episode 13),46vI20697HI
Bob Ross - Mountain Stream (Season 11 Episode 1),xdFCj6BzQio
Bob Ross - Country Cabin (Season 11 Episode 2),Dkww2nHpuZw
Bob Ross - Daisy Delight (Season 11 Episode 3),HuHC1RqtvDA
Bob Ross - Hidden Stream (Season 11 Episode 4),JGzTg8fCj4w
Bob Ross - Towering Glacier (Season 11 Episode 5),67vdGbA3Xkg
Bob Ross - Oval Barn (Season 11 Episode 6),HqBhCibidNM
Bob Ross - Lakeside Path (Season 11 Episode 7),1yjGoJokbZg
Bob Ross - Sunset Oval (Season 11 Episode 8),9xG6IzcGotI
Bob Ross - Winter Barn (Season 11 Episode 9),_xkn0ceDreo
Bob Ross - Sunset over the Waves (Season 11 Episode 10),c4b_B2F1eZg
Bob Ross - Golden Glow (Season 11 Episode 11),aA8RhtaWACA
Bob Ross - Roadside Barn (Season 11 Episode 12),vJpKhiXvXdA
Bob Ross - Happy Accident (Season 11 Episode 13),Fw6odlNp7_8
Bob Ross - Towering Peaks (Season 10 Episode 1),1s58rW0_LN4
Bob Ross - Cabin at Sunset (Season 10 Episode 2),a6Wil3OXNuI
Bob Ross - Twin Falls (Season 10 Episode 3),cMwkY8ojRik
Bob Ross - Secluded Bridge (Season 10 Episode 4),vrAMRxBB5KI
Bob Ross - Ocean Breeze (Season 10 Episode 5),XZmdzfvXRuw
Bob Ross - Autumn Woods (Season 10 Episode 6),vKyMU5Z8cDI
Bob Ross - Winter Solitude (Season 10 Episode 7),ov4YaCQB9co
Bob Ross - Golden Sunset (Season 10 Episode 8),CiNDyckERXQ
Bob Ross - Mountain Oval (Season 10 Episode 9),Qj6lMtnCt8o
Bob Ross - Ocean Sunset (Season 10 Episode 10),OJ_xqtvZf3o
Bob Ross - Triple View (Season 10 Episode 11),zoTeyliLn5o
Bob Ross - Winter Frost (Season 10 Episode 12),8satX-hLkuI
Bob Ross - Lakeside Cabin (Season 10 Episode 13),1l_TsfCIb_I
Bob Ross - Winter Evergreens (Season 9 Episode 1),O6L5YPt9CeU
Bob Ross - Surf's Up (Season 9 Episode 2),ZKxFvyyOBPQ
Bob Ross - Red Sunset (Season 9 Episode 3),e5JhYi_G-l0
Bob Ross - Meadow Road (Season 9 Episode 4),u5VT_WGM0kg
Bob Ross - Winter Oval (Season 9 Episode 5),pYWiLm_-sXw
Bob Ross - Secluded Beach (Season 9 Episode 6),WGUcw_kFvzU
Bob Ross - Forest Hills (Season 9 Episode 7),E3XW_Zp238U
Bob Ross - Little House by the Road (Season 9 Episode 8),3CDg_9gL-5M
Bob Ross - Mountain Path (Season 9 Episode 9),e0VUprkc1n0
Bob Ross - Country Charm (Season 9 Episode 10),9wp8NRzCJnw
Bob Ross - Nature's Paradise (Season 9 Episode 11),7yU55PUls2c
Bob Ross - Mountain by the Sea (Season 9 Episode 12),so--opB-yuQ
Bob Ross - Mountain Hideaway (Season 9 Episode 13),q48EWPrbzVs
Bob Ross - Misty Rolling Hills (Season 8 Episode 1),cC5ozePVKGI
Bob Ross - Lakeside Cabin (Season 8 Episode 2),CP6_5cQVZvQ
Bob Ross - Warm Winter Day (Season 8 Episode 3),mUJoNLWQ1yI
Bob Ross - Waterside Way (Season 8 Episode 4),uj5FE70BcB0
Bob Ross - Hunter's Haven (Season 8 Episode 5),Da4SPyh1ATM
Bob Ross - Bubbling Mountain Brook (Season 8 Episode 6),U2_SKgM3f4A
Bob Ross - Winter Hideaway (Season 8 Episode 7),19oz9XHZNzA
Bob Ross - Foot of the Mountain (Season 8 Episode 8),cIUBUc_ITBc
Bob Ross - Majestic Pine (Season 8 Episode 9),x5CoQj9zr-c
Bob Ross - Cactus at Sunset (Season 8 Episode 10),XBqD3QhKU24
Bob Ross - Mountain Range (Season 8 Episode 11),V_l6olF3yHI
Bob Ross - Lonely Retreat (Season 8 Episode 12),qTDQt_PdlYc
Bob Ross - Northern Lights (Season 8 Episode 13),vgbMONXc9Cs
Bob Ross - Winter Cabin (Season 7 Episode 1),kdlHV6ceI_g
Bob Ross - Secluded Lake (Season 7 Episode 2),2OxSJcFvpoU
Bob Ross - Evergreens at Sunset (Season 7 Episode 3),YQPEy3hYGo8
Bob Ross - Mountain Cabin (Season 7 Episode 4),E3IAMvO8GyM
Bob Ross - Portrait of Sally (Season 7 Episode 5),MHJB0IBnuD4
Bob Ross - Misty Waterfall (Season 7 Episode 6),530_cVmexiI
Bob Ross - Barn at Sunset (Season 7 Episode 7),WT6n0K2zGnA
Bob Ross - Mountain Splendor (Season 7 Episode 8),GhOGZMpPUSE
Bob Ross - Lake by Mountain (Season 7 Episode 9),yAiYirlcq7o
Bob Ross - Mountain Glory (Season 7 Episode 10),0M9pwLHRR2c
Bob Ross - Grey Winter (Season 7 Episode 11),sS-hNYgDUak
Bob Ross - Dock Scene (Season 7 Episode 12),4KYxkqlzyqM
Bob Ross - Dark Waterfall (Season 7 Episode 13),VqMbL00eZqw
Bob Ross - Blue River (Season 6 Episode 1),LygUyAb78oY
Bob Ross - Nature's Edge (Season 6 Episode 2),Bcqyzo85A1o
Bob Ross - Morning Mist (Season 6 Episode 3),wbZreRaE74k
Bob Ross - Whispering Stream (Season 6 Episode 4),QglIjlqsUdU
Bob Ross - Secluded Forest (Season 6 Episode 5),USkduOfwJok
Bob Ross - Snow Trail (Season 6 Episode 6),n9EsFFtwZnE
Bob Ross - Arctic Beauty (Season 6 Episode 7),UQ-RTZCOQn0
Bob Ross - Horizons West (Season 6 Episode 8),m6UM-rN2D6s
Bob Ross - High Chateau (Season 6 Episode 9),dafH8ks9Zww
Bob Ross - Country Life (Season 6 Episode 10),j8Jf7QVKLgQ
Bob Ross - Western Expanse (Season 6 Episode 11),MTInkV5ODjk
Bob Ross - Marshlands (Season 6 Episode 12),Ugiwi8uizpg
Bob Ross - Blaze of Color (Season 6 Episode 13),se7wOprxRGs
Bob Ross - Mountain Waterfall (Season 5 Episode 1),DqhzxdkdQS0
Bob Ross - Twilight Meadow (Season 5 Episode 2),6evqNlOO7Bw
Bob Ross - Mountain Blossoms (Season 5 Episode 3),UVhhStJAJZc
Bob Ross - Winter Stillness (Season 5 Episode 4),qg9c1SqdRko
Bob Ross - Quiet Pond (Season 5 Episode 5),aiK9xOIJtV8
Bob Ross - Ocean Sunrise (Season 5 Episode 6),u0Bz6TNUK1Q
Bob Ross - Bubbling Brook (Season 5 Episode 7),LiKCzeqn-kg
Bob Ross - Arizona Splendor (Season 5 Episode 8),spFwCh2616s
Bob Ross - Anatomy of a Wave (Season 5 Episode 9),DFQlu6eqrBo
Bob Ross - The Windmill (Season 5 Episode 10),xj8xsTSkbUk
Bob Ross - Autumn Glory (Season 5 Episode 11),yTzlm_t0RmY
Bob Ross - Indian Girl (Season 5 Episode 12),2uXMx8Kjs8I
Bob Ross - Meadow Stream (Season 5 Episode 13),87MMbN1bQCs
Bob Ross - Purple Splendor (Season 4 Episode 1),hP4GfMgsNVE
Bob Ross - Tranquil Valley (Season 4 Episode 2),PbchoOWWCZs
Bob Ross - Majestic Mountains (Season 4 Episode 3),NcVeRlPu_5w
Bob Ross - Winter Sawscape (Season 4 Episode 4),lmKAwKrONmE
Bob Ross - Evening Seascape (Season 4 Episode 5),y5k4GXw_-yI
Bob Ross - Warm Summer Day (Season 4 Episode 6),GBN9AIw3Ao4
Bob Ross - Cabin in the Woods (Season 4 Episode 7),81QKellPA70
Bob Ross - Wetlands (Season 4 Episode 8),2FpVyGanPwM
Bob Ross - Cool Waters (Season 4 Episode 9),tJRvBcqQd5A
Bob Ross - Quiet Woods (Season 4 Episode 10),wIZX57I4aDs
Bob Ross - Northwest Majesty (Season 4 Episode 11),9DU6bunvD_g
Bob Ross - Autumn Days (Season 4 Episode 12),VAdMkf-AAPM
Bob Ross - Mountain Challenge (Season 4 Episode 13),o2cjLA_wgIk
Bob Ross - Mountain Retreat (Season 3 Episode 1),hoimk4s8JoQ
Bob Ross - Blue Moon (Season 3 Episode 2),loit61vLUMc
Bob Ross - Bubbling Stream (Season 3 Episode 3),fuFalEXVN0k
Bob Ross - Winter Night (Season 3 Episode 4),8ysFkNYwhAE
Bob Ross - Distant Hills (Season 3 Episode 5),8Zge88tVwjE
Bob Ross - Covered Bridge (Season 3 Episode 6),OHSm8kLE7js
Bob Ross - Quiet Inlet (Season 3 Episode 7),9N5IWKzYIyU
Bob Ross - Night Light (Season 3 Episode 8),l141Y0x8om0
Bob Ross - The Old Mill (Season 3 Episode 9),OFKFUJ9eDNs
Bob Ross - Campfire (Season 3 Episode 10),L5bXkI0-pEg
Bob Ross - Rustic Barn (Season 3 Episode 11),WJJwrnFhUUg
Bob Ross - Hidden Lake (Season 3 Episode 12),P_DaqkFbnac
Bob Ross - Peaceful Waters (Season 3 Episode 13),Z0vtjRLqXcQ
Bob Ross - Meadow Lake (Season 2 Episode 1),GARWowi0QXI
Bob Ross - Winter Sun (Season 2 Episode 2),VPfYRj4DDco
Bob Ross - Ebony Sea (Season 2 Episode 3),aOJsKNzO3i8
Bob Ross - Shades of Grey (Season 2 Episode 4),I-ousb8-SD0
Bob Ross - Autumn Splendor (Season 2 Episode 5),rTTWw5Gd79I
Bob Ross - Black River (Season 2 Episode 6),6O4sfJd8G_M
Bob Ross - Brown Mountain (Season 2 Episode 7),Vx6v47gHBWM
Bob Ross - Reflections (Season 2 Episode 8),0FYfo94qefg
Bob Ross - Black and White Seascape (Season 2 Episode 9),PMDyPrE0puo
Bob Ross - Lazy River (Season 2 Episode 10),BW2wKKFvH1g
Bob Ross - Black Waterfall (Season 2 Episode 11),GzSqjyQUPZQ
Bob Ross - Mountain Waterfall (Season 2 Episode 12),9jIt95PCFAA
Bob Ross - Final Grace  (Season 2 Episode 13),miJ19Kz_i3Y
Bob Ross - A Walk in the Woods (Season 1 Episode 1),oh5p5f5_-7A
Bob Ross - Mt. McKinley (Season 1 Episode 2),RInDWhYceLU
Bob Ross - Ebony Sunset (Season 1 Episode 3),UOziR7PoVco
Bob Ross - Winter Mist (Season 1 Episode 4),0pwoixRikn4
Bob Ross - Quiet Stream (Season 1 Episode 5),DFSIQNjKRfk
Bob Ross - Winter Moon (Season 1 Episode 6),loAzRUzx1wI
Bob Ross - Autumn Mountain (Season 1 Episode 7),sDdpc8uisD0
Bob Ross - Peaceful Valley (Season 1 Episode 8),kQlFwTOkYzg
Bob Ross - Seascape (Season 1 Episode 9),QxcS7p1VHyQ
Bob Ross - Mountain Lake (Season 1 Episode 10),wDnLlywAL5I
Bob Ross - Winter Glow (Season 1 Episode 11),Q03YvknOVe0
Bob Ross - Snow Fall (Season 1 Episode 12),4E35-8x_y04
Bob Ross - Final Reflections (Season 1 Episode 13),IEQWfszfRlA
Mystic Mountain - Bob Ross: Full Episode HD,wdr4t7cQW2U
Bob Ross - Painting Mountains,x-9CqidKRSM
Bob Ross - Warm Winter Days,K6tUilWczjc
Bob Ross - Wilderness Cabin,DqQQF3CG-5k
Private video,X1UKCd3ObsI
Bob Ross - Christmas Eve Snow,jWq3GLwc4mk
Bob Ross - Painting Clouds,jyknCVczn3Q
Bob Ross - Snow Covered Mountains,iibr6K-XGJQ
Bob Ross - Final Grace,2R4WJKr5huI
Bob Ross - Tranquil Dawn,aFiBK0FdlEU
Bob Ross - Joy of Painting (Short Clip),H79UJ0ktOrE
Bob Ross - Trail's End,IWmgEOxVynU
Bob Ross feeds Peapod the squirrel,xpNrn0_97LM
Bob Ross - Royal Majesty,eaMR7E6Y4K8
